"Id_Client";"Code_Client";"Nom_Client";"Ville_Client"
"22";"C1";"Johnson";"Springfield"
"23";"C2";"Jackson";"Madison"
"24";"C3";"Johnson";"Saint Paul"
"25";"C4";"Johnson";"Salem"
"26";"C5";"Nixon";"Harrisburg"
"27";"C6";"Taylor";"Dover"
"28";"C7";"Buchanan";"Lansing"
"29";"C8";"Harrison";"Columbus"
"30";"C9";"Roosevelt";"Tallahassee"
"31";"C10";"Clinton";"Hartford"
"32";"C11";"Jackson";"Lincoln"
"33";"C12";"Hayes";"Saint Paul"
"34";"C13";"Madison";"Madison"
"35";"C14";"Harrison";"Albany"
"36";"C15";"Cleveland";"Salem"
"37";"C16";"Clinton";"Providence"
"38";"C17";"Clinton";"Austin"
"39";"C18";"Harding";"Saint Paul"
"40";"C19";"Roosevelt";"Helena"
"41";"C20";"Adams";"Pierre"
"42";"C21";"Nixon";"Pierre"
"43";"C22";"Pierce";"Concord"
"44";"C23";"McKinley";"Nashville"
"45";"C24";"Carter";"Charleston"
"46";"C25";"Fillmore";"Springfield"
"47";"C26";"Clinton";"Denver"
"48";"C27";"Ford";"Atlanta"
"49";"C28";"Truman";"Salt Lake City"
"50";"C29";"Eisenhower";"Lincoln"
"51";"C30";"Jackson";"Sacramento"
"52";"C31";"Garfield";"Providence"
"53";"C32";"Nixon";"Olympia"
"54";"C33";"Eisenhower";"Lincoln"
"55";"C34";"McKinley";"Madison"
"56";"C35";"Harrison";"Boston"
"57";"C36";"Clinton";"Montgomery"
"58";"C37";"Washington";"Atlanta"
"59";"C38";"Washington";"Lansing"
"60";"C39";"Taft";"Springfield"
"61";"C40";"Eisenhower";"Boise"
"62";"C41";"Johnson";"Juneau"
"63";"C42";"Lincoln";"Concord"
"64";"C43";"Eisenhower";"Frankfort"
"65";"C44";"Pierce";"Pierre"
"66";"C45";"Wilson";"Richmond"
"67";"C46";"Polk";"Trenton"
"68";"C47";"Truman";"Trenton"
"69";"C48";"Hoover";"Austin"
"70";"C49";"Johnson";"Tallahassee"
